use master
go

--Dọn dẹp lại database cũ trước khi tạo lại
if exists(select * from sys.databases where name = 'QLBANHANG_02_Ha')
	drop database QLBANHANG_02_Ha;
go

--Lưu ổ dĩa D
create database QLBANHANG_02_Ha
on(NAME = QLBANHANG_02_Ha_Data, filename = 'D:\QLBANHANG_02_Ha.mdf')
log on(NAME = QLBANHANG_02_Ha_Log, filename = 'D:\QLBANHANG_02_Ha.ldf');
go

--Chọn Database QLBANHANG_02_Ha để làm việc 
use QLBANHANG_02_Ha
go

--Tạo bảng KHACHHANG_02_Ha
create table KHACHHANG_02_Ha
(
	--Khóa chính: MAKH_02_Ha
    MAKH_02_Ha VARCHAR(10) PRIMARY KEY,
    HOTEN_02_Ha NVARCHAR(50),
    DCHI_02_Ha NVARCHAR(100),
    SODT_02_Ha VARCHAR(15),
    NGSINH_02_Ha DATE,
    DOANHSO_02_Ha INT,
    NGGN_02_Ha DATE
)

--Tạo bảng NHANVIEN_02_Ha
create table NHANVIEN_02_Ha
(
	--Khóa chính: MANV_02_Ha
    MANV_02_Ha VARCHAR(10) PRIMARY KEY,
    HOTEN_02_Ha NVARCHAR(50),
    DTHOAI_02_Ha VARCHAR(15),
    NGVL_02_Ha DATE
)

--Tạo bảng SANPHAM_02_Ha
create table SANPHAM_02_Ha
(
	--Khóa chính: MASP_02_Ha 
    MASP_02_Ha VARCHAR(10) PRIMARY KEY,
    TENSP_02_Ha NVARCHAR(100),
    DVT_02_Ha NVARCHAR(20),
    NUOCSX_02_Ha NVARCHAR(50),
    GIA_02_Ha INT
)

--Tạo bảng HOADON_02_Ha
create table HOADON_02_Ha
(
	--Khóa chính: SOHD_02_Ha
    SOHD_02_Ha INT PRIMARY KEY,
    NGHD_02_Ha DATE,
	--Khóa ngoại: liên kết tới bảng KHACHHANG_02_Ha
    MAKH_02_Ha VARCHAR(10) REFERENCES KHACHHANG_02_Ha(MAKH_02_Ha),
	--Khóa ngoại: liên kết tới bảng NHANVIEN_02_Ha
    MANV_02_Ha VARCHAR(10) REFERENCES NHANVIEN_02_Ha(MANV_02_Ha),
    TRIGIA_02_Ha INT
)

--Tạo bảng CTHD_02_Ha
create table CTHD_02_Ha
(
	--Khóa ngoại: liên kết tới bảng HOADON_02_Ha
    SOHD_02_Ha INT REFERENCES HOADON_02_Ha(SOHD_02_Ha),
	--Khóa ngoại: liên kết tới bảng SANPHAM_02_Ha
    MASP_02_Ha VARCHAR(10) REFERENCES SANPHAM_02_Ha(MASP_02_Ha),
	--Khóa chính: SOHD_02_Ha, MASP_02_Ha
     PRIMARY KEY (SOHD_02_Ha, MASP_02_Ha),
    SL_02_Ha INT
) 

--II. Câu 1: Nhập dữ liệu cho các quan hệ 
--Nhập dữ liệu bảng KHACHHANG_02_Ha
--Thiết lập định dạng ngày là ngày/tháng/năm
set dateformat dmy;
INSERT KHACHHANG_02_Ha VALUES ('KH01', N'Nguyen Van A', N'731 Tran Hung Dao, Q5, TpHCM', '08823451', '22/10/1960', 13060000, '22/07/2006');
INSERT KHACHHANG_02_Ha VALUES ('KH02', N'Tran Ngoc Han', N'23/5 Nguyen Trai, Q5, TpHCM', '0908256478', '03/04/1974', 280000, '30/07/2006');
INSERT KHACHHANG_02_Ha VALUES ('KH03', N'Tran Ngoc Linh', N'45 Nguyen Canh Chan, Q1, TpHCM', '0938776266', '12/06/1980', 3860000, '05/08/2006');
INSERT KHACHHANG_02_Ha VALUES ('KH04', N'Tran Minh Long', N'50/34 Le Dai Hanh, Q10, TpHCM', '0917325476', '09/03/1965', 250000, '02/10/2006');
INSERT KHACHHANG_02_Ha VALUES ('KH05', N'Le Nhat Minh', N'34 Truong Dinh, Q3, TpHCM', '08246108', '10/03/1950', 21000, '28/10/2006');
INSERT KHACHHANG_02_Ha VALUES ('KH06', N'Le Hoai Thuong', N'227 Nguyen Van Cu, Q5, TpHCM', '08631738', '31/12/1981', 915000, '24/11/2006');
INSERT KHACHHANG_02_Ha VALUES ('KH07', N'Nguyen Van Tam', N'32/3 Tran Binh Trong, Q5, TpHCM', '0916783565', '06/04/1971', 12500, '01/12/2006');
INSERT KHACHHANG_02_Ha VALUES ('KH08', N'Phan Thi Thanh', N'45/2 An Duong Vuong, Q5, TpHCM', '0938435756', '10/01/1971', 365000, '13/12/2006');
INSERT KHACHHANG_02_Ha VALUES ('KH09', N'Le Ha Vinh', N'873 Le Hong Phong, Q5, TpHCM', '08654763', '03/09/1979', 70000, '14/01/2007');
INSERT KHACHHANG_02_Ha VALUES ('KH10', N'Ha Duy Lap', N'34/34B Nguyen Trai, Q1, TpHCM', '08768904', '02/05/1983', 67500, '16/01/2007');

--Nhập dữ liệu bảng NHANVIEN_02_Ha
INSERT NHANVIEN_02_Ha VALUES ('NV01', N'Nguyen Nhu Nhut', '0927345678', '2006-04-13');
INSERT NHANVIEN_02_Ha VALUES ('NV02', N'Le Thi Phi Yen', '0987567390', '2006-04-21');
INSERT NHANVIEN_02_Ha VALUES ('NV03', N'Nguyen Van B', '0997047382', '2006-04-27');
INSERT NHANVIEN_02_Ha VALUES ('NV04', N'Ngo Thanh Tuan', '0913758498', '2006-06-24');
INSERT NHANVIEN_02_Ha VALUES ('NV05', N'Nguyen Thi Truc Thanh', '0918590387', '2006-07-20');

--Nhập dữ liệu bảng SANPHAM_02_Ha
INSERT SANPHAM_02_Ha VALUES ('BC01', N'But chi', N'cay', N'Trung Quoc', 3000);
INSERT SANPHAM_02_Ha VALUES ('BC02', N'But chi', N'cay', N'Thai Lan', 5000);
INSERT SANPHAM_02_Ha VALUES ('BC03', N'But chi', N'cay', N'Viet Nam', 3500);
INSERT SANPHAM_02_Ha VALUES ('BC04', N'But chi', N'hop', N'Viet Nam', 30000);
INSERT SANPHAM_02_Ha VALUES ('BB01', N'But bi', N'cay', N'Viet Nam', 5000);
INSERT SANPHAM_02_Ha VALUES ('BB02', N'But bi', N'cay', N'Trung Quoc', 7000);
INSERT SANPHAM_02_Ha VALUES ('BB03', N'But bi', N'hop', N'Thai Lan', 100000);
INSERT SANPHAM_02_Ha VALUES ('TV01', N'Tap 100 giay mong', N'quyen', N'Trung Quoc', 2500);
INSERT SANPHAM_02_Ha VALUES ('TV02', N'Tap 200 giay mong', N'quyen', N'Trung Quoc', 4500);
INSERT SANPHAM_02_Ha VALUES ('TV03', N'Tap 100 giay tot', N'quyen', N'Viet Nam', 3000);
INSERT SANPHAM_02_Ha VALUES ('TV04', N'Tap 200 giay tot', N'quyen', N'Viet Nam', 5500);
INSERT SANPHAM_02_Ha VALUES ('TV05', N'Tap 100 trang', N'chuc', N'Viet Nam', 23000);
INSERT SANPHAM_02_Ha VALUES ('TV06', N'Tap 200 trang', N'chuc', N'Viet Nam', 53000);
INSERT SANPHAM_02_Ha VALUES ('TV07', N'Tap 100 trang', N'chuc', N'Trung Quoc', 34000);
INSERT SANPHAM_02_Ha VALUES ('ST01', N'So tay 500 trang', N'quyen', N'Trung Quoc', 40000);
INSERT SANPHAM_02_Ha VALUES ('ST02', N'So tay loai 1', N'quyen', N'Viet Nam', 55000);
INSERT SANPHAM_02_Ha VALUES ('ST03', N'So tay loai 2', N'quyen', N'Viet Nam', 51000);
INSERT SANPHAM_02_Ha VALUES ('ST04', N'So tay', N'quyen', N'Thai Lan', 55000);
INSERT SANPHAM_02_Ha VALUES ('ST05', N'So tay mong', N'quyen', N'Thai Lan', 20000);
INSERT SANPHAM_02_Ha VALUES ('ST06', N'Phan viet bang', N'hop', N'Viet Nam', 5000);
INSERT SANPHAM_02_Ha VALUES ('ST07', N'Phan khong bui', N'hop', N'Viet Nam', 7000);
INSERT SANPHAM_02_Ha VALUES ('ST08', N'Bong bang', N'cai', N'Viet Nam', 1000);
INSERT SANPHAM_02_Ha VALUES ('ST09', N'But long', N'cay', N'Viet Nam', 5000);
INSERT SANPHAM_02_Ha VALUES ('ST10', N'But long', N'cay', N'Trung Quoc', 7000);

--Nhập dữ liệu bảng HOADON_02_Ha
INSERT HOADON_02_Ha VALUES (1001,'2006-07-23','KH01','NV01',320000);
INSERT HOADON_02_Ha VALUES (1002,'2006-08-12','KH01','NV02',840000);
INSERT HOADON_02_Ha VALUES (1003,'2006-08-23','KH02','NV01',100000);
INSERT HOADON_02_Ha VALUES (1004,'2006-09-01','KH02','NV01',180000);
INSERT HOADON_02_Ha VALUES (1005,'2006-10-20','KH01','NV02',3800000);
INSERT HOADON_02_Ha VALUES (1006,'2006-10-16','KH01','NV03',2430000);
INSERT HOADON_02_Ha VALUES (1007,'2006-10-28','KH03','NV03',510000);
INSERT HOADON_02_Ha VALUES (1008,'2006-10-28','KH01','NV03',440000);
INSERT HOADON_02_Ha VALUES (1009,'2006-10-28','KH03','NV04',200000);
INSERT HOADON_02_Ha VALUES (1010,'2006-11-01','KH01','NV01',5200000);
INSERT HOADON_02_Ha VALUES (1011,'2006-11-04','KH04','NV03',250000);
INSERT HOADON_02_Ha VALUES (1012,'2006-11-30','KH05','NV03',21000);
INSERT HOADON_02_Ha VALUES (1013,'2006-12-12','KH06','NV01',5000);
INSERT HOADON_02_Ha VALUES (1014,'2006-12-31','KH03','NV02',3150000);
INSERT HOADON_02_Ha VALUES (1015,'2007-01-01','KH06','NV01',910000);
INSERT HOADON_02_Ha VALUES (1016,'2007-01-01','KH07','NV02',12500);
INSERT HOADON_02_Ha VALUES (1017,'2007-01-02','KH08','NV03',35000);
INSERT HOADON_02_Ha VALUES (1018,'2007-01-13','KH08','NV03',330000);
INSERT HOADON_02_Ha VALUES (1019,'2007-01-13','KH01','NV03',30000);
INSERT HOADON_02_Ha VALUES (1020,'2007-01-14','KH09','NV04',70000);
INSERT HOADON_02_Ha VALUES (1021,'2007-01-16','KH10','NV03',67500);
INSERT HOADON_02_Ha VALUES (1022,'2007-01-16',NULL,'NV03',7000);
INSERT HOADON_02_Ha VALUES (1023,'2007-01-17',NULL,'NV01',330000);

--Nhập dữ liệu bảng CTHD_02_Ha
INSERT CTHD_02_Ha VALUES (1001,'TV02',10);
INSERT CTHD_02_Ha VALUES (1001,'ST01',5);
INSERT CTHD_02_Ha VALUES (1001,'BC01',5);
INSERT CTHD_02_Ha VALUES (1001,'BC02',10);
INSERT CTHD_02_Ha VALUES (1001,'ST08',10);
INSERT CTHD_02_Ha VALUES (1002,'BC04',20);
INSERT CTHD_02_Ha VALUES (1002,'BB01',20);
INSERT CTHD_02_Ha VALUES (1002,'BB02',20);
INSERT CTHD_02_Ha VALUES (1003,'BB03',10);
INSERT CTHD_02_Ha VALUES (1004,'TV01',20);
INSERT CTHD_02_Ha VALUES (1004,'TV02',10);
INSERT CTHD_02_Ha VALUES (1004,'TV03',10);
INSERT CTHD_02_Ha VALUES (1004,'TV04',10);
INSERT CTHD_02_Ha VALUES (1004,'TV05',50);
INSERT CTHD_02_Ha VALUES (1005,'TV06',50);
INSERT CTHD_02_Ha VALUES (1006,'TV07',20);
INSERT CTHD_02_Ha VALUES (1006,'ST01',30);
INSERT CTHD_02_Ha VALUES (1006,'ST02',10);
INSERT CTHD_02_Ha VALUES (1007,'ST03',10);
INSERT CTHD_02_Ha VALUES (1008,'ST04',8);
INSERT CTHD_02_Ha VALUES (1009,'ST05',10);
INSERT CTHD_02_Ha VALUES (1010,'TV07',50);
INSERT CTHD_02_Ha VALUES (1010,'ST07',50);
INSERT CTHD_02_Ha VALUES (1010,'ST08',100);
INSERT CTHD_02_Ha VALUES (1010,'ST04',50);
INSERT CTHD_02_Ha VALUES (1010,'TV03',100);
INSERT CTHD_02_Ha VALUES (1011,'ST06',50);
INSERT CTHD_02_Ha VALUES (1012,'ST07',3);
INSERT CTHD_02_Ha VALUES (1013,'ST08',5);
INSERT CTHD_02_Ha VALUES (1014,'BC02',80);
INSERT CTHD_02_Ha VALUES (1014,'BB02',100);
INSERT CTHD_02_Ha VALUES (1014,'BC04',60);
INSERT CTHD_02_Ha VALUES (1014,'BB01',50);
INSERT CTHD_02_Ha VALUES (1015,'BB02',30);
INSERT CTHD_02_Ha VALUES (1015,'BB03',7);
INSERT CTHD_02_Ha VALUES (1016,'TV01',5);
INSERT CTHD_02_Ha VALUES (1017,'TV02',1);
INSERT CTHD_02_Ha VALUES (1017,'TV03',1);
INSERT CTHD_02_Ha VALUES (1017,'TV04',5);
INSERT CTHD_02_Ha VALUES (1018,'ST04',6);
INSERT CTHD_02_Ha VALUES (1019,'ST05',1);
INSERT CTHD_02_Ha VALUES (1019,'ST08',2);
INSERT CTHD_02_Ha VALUES (1020,'ST07',10);
INSERT CTHD_02_Ha VALUES (1021,'ST09',5);
INSERT CTHD_02_Ha VALUES (1021,'TV01',7);
INSERT CTHD_02_Ha VALUES (1021,'TV02',10);
INSERT CTHD_02_Ha VALUES (1022,'ST07',1);
INSERT CTHD_02_Ha VALUES (1023,'ST04',6);